timestamp,equity,cash,positions_value
2025-04-30 18:35:05.197295,100000.0,100000.0,0.0
2024-03-26 13:30:00.000000,100000.0,100000.0,0.0
2024-03-26 13:30:00.000000,100000.0,100000.0,0.0
2024-03-26 13:30:00.000000,100000.0,100000.0,0.0
2024-03-26 13:30:00.000000,100000.0,100000.0,0.0
2024-03-26 13:30:00.000000,100000.0,100000.0,0.0
2024-03-26 13:30:00.000000,100000.0,100000.0,0.0
2024-03-26 13:31:00.000000,100000.0,100000.0,0.0
2024-03-26 13:31:00.000000,100000.0,100000.0,0.0
2024-03-26 13:31:00.000000,100000.0,100000.0,0.0
2024-03-26 13:31:00.000000,100000.0,100000.0,0.0
2024-03-26 13:31:00.000000,100000.0,100000.0,0.0
2024-03-26 13:31:00.000000,100000.0,100000.0,0.0
2024-03-26 13:32:00.000000,100000.0,100000.0,0.0
2024-03-26 13:32:00.000000,100000.0,100000.0,0.0
2024-03-26 13:32:00.000000,100000.0,100000.0,0.0
2024-03-26 13:32:00.000000,100000.0,100000.0,0.0
2024-03-26 13:32:00.000000,100000.0,100000.0,0.0
2024-03-26 13:32:00.000000,100000.0,100000.0,0.0
2024-03-26 13:33:00.000000,100000.0,100000.0,0.0
2024-03-26 13:33:00.000000,100000.0,100000.0,0.0
2024-03-26 13:33:00.000000,100000.0,100000.0,0.0
2024-03-26 13:33:00.000000,100000.0,100000.0,0.0
2024-03-26 13:33:00.000000,100000.0,100000.0,0.0
2024-03-26 13:33:00.000000,100000.0,100000.0,0.0
2024-03-26 13:34:00.000000,100000.0,100000.0,0.0
2024-03-26 13:34:00.000000,100000.0,100000.0,0.0
2024-03-26 13:34:00.000000,100000.0,100000.0,0.0
2024-03-26 13:34:00.000000,100000.0,100000.0,0.0
2024-03-26 13:34:00.000000,100000.0,100000.0,0.0
2024-03-26 13:34:00.000000,100000.0,100000.0,0.0
2024-03-26 13:35:00.000000,100000.0,100000.0,0.0
2024-03-26 13:35:00.000000,100000.0,100000.0,0.0
2024-03-26 13:35:00.000000,100000.0,100000.0,0.0
2024-03-26 13:35:00.000000,100000.0,100000.0,0.0
2024-03-26 13:35:00.000000,100000.0,100000.0,0.0
2024-03-26 13:35:00.000000,100000.0,100000.0,0.0
2024-03-26 13:36:00.000000,100000.0,100000.0,0.0
2024-03-26 13:36:00.000000,90098.72,100000.0,-9901.279999999999
2024-03-26 13:36:00.000000,90098.72,100000.0,-9901.279999999999
2024-03-26 13:36:00.000000,90098.72,100000.0,-9901.279999999999
2024-03-26 13:36:00.000000,90098.72,100000.0,-9901.279999999999
2024-03-26 13:36:00.000000,90098.72,100000.0,-9901.279999999999
2024-03-26 13:37:00.000000,90096.25,100000.0,-9903.75
2024-03-26 13:37:00.000000,90096.25,100000.0,-9903.75
2024-03-26 13:37:00.000000,90096.25,100000.0,-9903.75
2024-03-26 13:37:00.000000,90096.25,100000.0,-9903.75
2024-03-26 13:37:00.000000,90096.25,100000.0,-9903.75
2024-03-26 13:37:00.000000,90096.25,100000.0,-9903.75
2024-03-26 13:38:00.000000,90100.62,100000.0,-9899.380000000005
2024-03-26 13:38:00.000000,90100.62,100000.0,-9899.380000000005
2024-03-26 13:38:00.000000,90100.62,100000.0,-9899.380000000005
2024-03-26 13:38:00.000000,90100.62,100000.0,-9899.380000000005
2024-03-26 13:38:00.000000,90100.62,100000.0,-9899.380000000005
2024-03-26 13:38:00.000000,90100.62,100000.0,-9899.380000000005
2024-03-26 13:39:00.000000,90099.29,100000.0,-9900.710000000006
2024-03-26 13:39:00.000000,90099.29,100000.0,-9900.710000000006
2024-03-26 13:39:00.000000,90099.29,100000.0,-9900.710000000006
2024-03-26 13:39:00.000000,90099.29,100000.0,-9900.710000000006
2024-03-26 13:39:00.000000,90099.29,100000.0,-9900.710000000006
2024-03-26 13:39:00.000000,90099.29,100000.0,-9900.710000000006
2024-03-26 13:40:00.000000,90100.62,100000.0,-9899.380000000005
2024-03-26 13:40:00.000000,90100.62,100000.0,-9899.380000000005
2024-03-26 13:40:00.000000,90100.62,100000.0,-9899.380000000005
2024-03-26 13:40:00.000000,90100.62,100000.0,-9899.380000000005
2024-03-26 13:40:00.000000,90100.62,100000.0,-9899.380000000005
2024-03-26 13:40:00.000000,90100.62,100000.0,-9899.380000000005
2024-03-26 13:41:00.000000,90103.8082,100000.0,-9896.1918
2024-03-26 13:41:00.000000,90103.8082,100000.0,-9896.1918
2024-03-26 13:41:00.000000,90103.8082,100000.0,-9896.1918
2024-03-26 13:41:00.000000,90103.8082,100000.0,-9896.1918
2024-03-26 13:41:00.000000,90103.8082,100000.0,-9896.1918
2024-03-26 13:41:00.000000,90103.8082,100000.0,-9896.1918
2024-03-26 13:42:00.000000,90102.995,100000.0,-9897.005000000005
2024-03-26 13:42:00.000000,90102.995,100000.0,-9897.005000000005
2024-03-26 13:42:00.000000,90102.995,100000.0,-9897.005000000005
2024-03-26 13:42:00.000000,90102.995,100000.0,-9897.005000000005
2024-03-26 13:42:00.000000,90102.995,100000.0,-9897.005000000005
2024-03-26 13:42:00.000000,90102.995,100000.0,-9897.005000000005
2024-03-26 13:43:00.000000,90099.385,100000.0,-9900.615000000005
2024-03-26 13:43:00.000000,90099.385,100000.0,-9900.615000000005
2024-03-26 13:43:00.000000,90099.385,100000.0,-9900.615000000005
2024-03-26 13:43:00.000000,90099.385,100000.0,-9900.615000000005
2024-03-26 13:43:00.000000,98957.83,100000.0,-1042.1699999999983
2024-03-26 13:43:00.000000,98957.83,100000.0,-1042.1699999999983
2024-03-26 13:44:00.000000,98957.69,100000.0,-1042.3099999999977
2024-03-26 13:44:00.000000,98957.69,100000.0,-1042.3099999999977
2024-03-26 13:44:00.000000,98957.69,100000.0,-1042.3099999999977
2024-03-26 13:44:00.000000,98957.69,100000.0,-1042.3099999999977
2024-03-26 13:44:00.000000,98957.69,100000.0,-1042.3099999999977
2024-03-26 13:44:00.000000,98957.69,100000.0,-1042.3099999999977
2024-03-26 13:45:00.000000,98957.868,100000.0,-1042.1319999999978
2024-03-26 13:45:00.000000,98957.868,100000.0,-1042.1319999999978
2024-03-26 13:45:00.000000,98957.868,100000.0,-1042.1319999999978
2024-03-26 13:45:00.000000,98957.868,100000.0,-1042.1319999999978
2024-03-26 13:45:00.000000,98957.868,100000.0,-1042.1319999999978
2024-03-26 13:45:00.000000,98957.868,100000.0,-1042.1319999999978
2024-03-26 13:46:00.000000,98957.78,100000.0,-1042.2200000000012
2024-03-26 13:46:00.000000,98957.78,100000.0,-1042.2200000000012
2024-03-26 13:46:00.000000,98957.78,100000.0,-1042.2200000000012
2024-03-26 13:46:00.000000,98957.78,100000.0,-1042.2200000000012
2024-03-26 13:46:00.000000,98957.78,100000.0,-1042.2200000000012
2024-03-26 13:46:00.000000,98957.78,100000.0,-1042.2200000000012
2024-03-26 13:47:00.000000,98957.82,100000.0,-1042.179999999993
2024-03-26 13:47:00.000000,98957.82,100000.0,-1042.179999999993
2024-03-26 13:47:00.000000,98957.82,100000.0,-1042.179999999993
2024-03-26 13:47:00.000000,98957.82,100000.0,-1042.179999999993
2024-03-26 13:47:00.000000,89578.2,100000.0,-10421.800000000003
2024-03-26 13:47:00.000000,89578.2,100000.0,-10421.800000000003
2024-03-26 13:48:00.000000,89576.6,100000.0,-10423.399999999994
2024-03-26 13:48:00.000000,98436.49,100000.0,-1563.5099999999948
2024-03-26 13:48:00.000000,98436.49,100000.0,-1563.5099999999948
2024-03-26 13:48:00.000000,98436.49,100000.0,-1563.5099999999948
2024-03-26 13:48:00.000000,98436.49,100000.0,-1563.5099999999948
2024-03-26 13:48:00.000000,98436.49,100000.0,-1563.5099999999948
2024-03-26 13:49:00.000000,98436.43,100000.0,-1563.570000000007
2024-03-26 13:49:00.000000,98436.43,100000.0,-1563.570000000007
2024-03-26 13:49:00.000000,98436.43,100000.0,-1563.570000000007
2024-03-26 13:49:00.000000,98436.43,100000.0,-1563.570000000007
2024-03-26 13:49:00.000000,98436.43,100000.0,-1563.570000000007
2024-03-26 13:49:00.000000,98436.43,100000.0,-1563.570000000007
2024-03-26 13:50:00.000000,98436.355,100000.0,-1563.645000000004
2024-03-26 13:50:00.000000,98436.355,100000.0,-1563.645000000004
2024-03-26 13:50:00.000000,98436.355,100000.0,-1563.645000000004
2024-03-26 13:50:00.000000,98436.355,100000.0,-1563.645000000004
2024-03-26 13:50:00.000000,98436.355,100000.0,-1563.645000000004
2024-03-26 13:50:00.000000,98436.355,100000.0,-1563.645000000004
2024-03-26 13:51:00.000000,98436.76,100000.0,-1563.2400000000052
2024-03-26 13:51:00.000000,98436.76,100000.0,-1563.2400000000052
2024-03-26 13:51:00.000000,98436.76,100000.0,-1563.2400000000052
2024-03-26 13:51:00.000000,98436.76,100000.0,-1563.2400000000052
2024-03-26 13:51:00.000000,89057.32,100000.0,-10942.679999999993
2024-03-26 13:51:00.000000,89057.32,100000.0,-10942.679999999993
2024-03-26 13:52:00.000000,89056.48,100000.0,-10943.520000000004
2024-03-26 13:52:00.000000,89056.48,100000.0,-10943.520000000004
2024-03-26 13:52:00.000000,89056.48,100000.0,-10943.520000000004
2024-03-26 13:52:00.000000,89056.48,100000.0,-10943.520000000004
2024-03-26 13:52:00.000000,89056.48,100000.0,-10943.520000000004
2024-03-26 13:52:00.000000,89056.48,100000.0,-10943.520000000004
2024-03-26 13:53:00.000000,89058.8551,100000.0,-10941.1449
2024-03-26 13:53:00.000000,89058.8551,100000.0,-10941.1449
2024-03-26 13:53:00.000000,89058.8551,100000.0,-10941.1449
2024-03-26 13:53:00.000000,89058.8551,100000.0,-10941.1449
2024-03-26 13:53:00.000000,89058.8551,100000.0,-10941.1449
2024-03-26 13:53:00.000000,89058.8551,100000.0,-10941.1449
2024-03-26 13:54:00.000000,89059.945,100000.0,-10940.054999999993
2024-03-26 13:54:00.000000,89059.945,100000.0,-10940.054999999993
2024-03-26 13:54:00.000000,89059.945,100000.0,-10940.054999999993
2024-03-26 13:54:00.000000,89059.945,100000.0,-10940.054999999993
2024-03-26 13:54:00.000000,89059.945,100000.0,-10940.054999999993
2024-03-26 13:54:00.000000,89059.945,100000.0,-10940.054999999993
2024-03-26 13:55:00.000000,89058.16,100000.0,-10941.839999999997
2024-03-26 13:55:00.000000,89058.16,100000.0,-10941.839999999997
2024-03-26 13:55:00.000000,89058.16,100000.0,-10941.839999999997
2024-03-26 13:55:00.000000,89058.16,100000.0,-10941.839999999997
2024-03-26 13:55:00.000000,89058.16,100000.0,-10941.839999999997
2024-03-26 13:55:00.000000,89058.16,100000.0,-10941.839999999997
2024-03-26 13:56:00.000000,89055.955,100000.0,-10944.044999999998
2024-03-26 13:56:00.000000,97915.42,100000.0,-2084.5800000000017
2024-03-26 13:56:00.000000,97915.42,100000.0,-2084.5800000000017
2024-03-26 13:56:00.000000,97915.42,100000.0,-2084.5800000000017
2024-03-26 13:56:00.000000,97915.42,100000.0,-2084.5800000000017
2024-03-26 13:56:00.000000,97915.42,100000.0,-2084.5800000000017
2024-03-26 13:57:00.000000,97915.5,100000.0,-2084.5
2024-03-26 13:57:00.000000,97915.5,100000.0,-2084.5
2024-03-26 13:57:00.000000,97915.5,100000.0,-2084.5
2024-03-26 13:57:00.000000,97915.5,100000.0,-2084.5
2024-03-26 13:57:00.000000,97915.5,100000.0,-2084.5
2024-03-26 13:57:00.000000,97915.5,100000.0,-2084.5
2024-03-26 13:58:00.000000,97915.44,100000.0,-2084.5599999999977
2024-03-26 13:58:00.000000,97915.44,100000.0,-2084.5599999999977
2024-03-26 13:58:00.000000,97915.44,100000.0,-2084.5599999999977
2024-03-26 13:58:00.000000,97915.44,100000.0,-2084.5599999999977
2024-03-26 13:58:00.000000,97915.44,100000.0,-2084.5599999999977
2024-03-26 13:58:00.000000,97915.44,100000.0,-2084.5599999999977
2024-03-26 13:59:00.000000,97915.0,100000.0,-2085.0
2024-03-26 13:59:00.000000,97915.0,100000.0,-2085.0
2024-03-26 13:59:00.000000,97915.0,100000.0,-2085.0
2024-03-26 13:59:00.000000,97915.0,100000.0,-2085.0
2024-03-26 13:59:00.000000,97915.0,100000.0,-2085.0
2024-03-26 13:59:00.000000,97915.0,100000.0,-2085.0
2024-03-26 14:00:00.000000,97914.6,100000.0,-2085.399999999994
2024-03-26 14:00:00.000000,97914.6,100000.0,-2085.399999999994
2024-03-26 14:00:00.000000,97914.6,100000.0,-2085.399999999994
2024-03-26 14:00:00.000000,97914.6,100000.0,-2085.399999999994
2024-03-26 14:00:00.000000,97914.6,100000.0,-2085.399999999994
2024-03-26 14:00:00.000000,97914.6,100000.0,-2085.399999999994
2024-03-26 14:01:00.000000,97914.8796,100000.0,-2085.1204
2024-03-26 14:01:00.000000,97914.8796,100000.0,-2085.1204
2024-03-26 14:01:00.000000,97914.8796,100000.0,-2085.1204
2024-03-26 14:01:00.000000,97914.8796,100000.0,-2085.1204
2024-03-26 14:01:00.000000,97914.8796,100000.0,-2085.1204
2024-03-26 14:01:00.000000,97914.8796,100000.0,-2085.1204
2024-03-26 14:02:00.000000,97914.84,100000.0,-2085.1600000000035
2024-03-26 14:02:00.000000,97914.84,100000.0,-2085.1600000000035
2024-03-26 14:02:00.000000,97914.84,100000.0,-2085.1600000000035
2024-03-26 14:02:00.000000,97914.84,100000.0,-2085.1600000000035
2024-03-26 14:02:00.000000,97914.84,100000.0,-2085.1600000000035
2024-03-26 14:02:00.000000,97914.84,100000.0,-2085.1600000000035
2024-03-26 14:03:00.000000,97915.0,100000.0,-2085.0
2024-03-26 14:03:00.000000,88532.5,100000.0,-11467.5
2024-03-26 14:03:00.000000,88532.5,100000.0,-11467.5
2024-03-26 14:03:00.000000,88532.5,100000.0,-11467.5
2024-03-26 14:03:00.000000,88532.5,100000.0,-11467.5
2024-03-26 14:03:00.000000,88532.5,100000.0,-11467.5
2024-03-26 14:04:00.000000,88530.74,100000.0,-11469.259999999995
2024-03-26 14:04:00.000000,88530.74,100000.0,-11469.259999999995
2024-03-26 14:04:00.000000,88530.74,100000.0,-11469.259999999995
2024-03-26 14:04:00.000000,88530.74,100000.0,-11469.259999999995
2024-03-26 14:04:00.000000,88530.74,100000.0,-11469.259999999995
2024-03-26 14:04:00.000000,88530.74,100000.0,-11469.259999999995
2024-03-26 14:05:00.000000,88531.18,100000.0,-11468.820000000007
2024-03-26 14:05:00.000000,96872.14,100000.0,-3127.8600000000006
2024-03-26 14:05:00.000000,96872.14,100000.0,-3127.8600000000006
2024-03-26 14:05:00.000000,96872.14,100000.0,-3127.8600000000006
2024-03-26 14:05:00.000000,96872.14,100000.0,-3127.8600000000006
2024-03-26 14:05:00.000000,96872.14,100000.0,-3127.8600000000006
2024-03-26 14:06:00.000000,96872.2,100000.0,-3127.800000000003
2024-03-26 14:06:00.000000,96872.2,100000.0,-3127.800000000003
2024-03-26 14:06:00.000000,96872.2,100000.0,-3127.800000000003
2024-03-26 14:06:00.000000,96872.2,100000.0,-3127.800000000003
2024-03-26 14:06:00.000000,96872.2,100000.0,-3127.800000000003
2024-03-26 14:06:00.000000,96872.2,100000.0,-3127.800000000003
2024-03-26 14:07:00.000000,96871.42,100000.0,-3128.5800000000017
2024-03-26 14:07:00.000000,96871.42,100000.0,-3128.5800000000017
2024-03-26 14:07:00.000000,96871.42,100000.0,-3128.5800000000017
2024-03-26 14:07:00.000000,96871.42,100000.0,-3128.5800000000017
2024-03-26 14:07:00.000000,96871.42,100000.0,-3128.5800000000017
2024-03-26 14:07:00.000000,96871.42,100000.0,-3128.5800000000017
2024-03-26 14:08:00.000000,96871.72,100000.0,-3128.279999999999
2024-03-26 14:08:00.000000,96871.72,100000.0,-3128.279999999999
2024-03-26 14:08:00.000000,96871.72,100000.0,-3128.279999999999
2024-03-26 14:08:00.000000,96871.72,100000.0,-3128.279999999999
2024-03-26 14:08:00.000000,96871.72,100000.0,-3128.279999999999
2024-03-26 14:08:00.000000,96871.72,100000.0,-3128.279999999999
2024-03-26 14:09:00.000000,96872.2,100000.0,-3127.800000000003
2024-03-26 14:09:00.000000,96872.2,100000.0,-3127.800000000003
2024-03-26 14:09:00.000000,96872.2,100000.0,-3127.800000000003
2024-03-26 14:09:00.000000,96872.2,100000.0,-3127.800000000003
2024-03-26 14:09:00.000000,87488.8,100000.0,-12511.199999999997
2024-03-26 14:09:00.000000,87488.8,100000.0,-12511.199999999997
2024-03-26 14:10:00.000000,87492.64,100000.0,-12507.36
2024-03-26 14:10:00.000000,87492.64,100000.0,-12507.36
2024-03-26 14:10:00.000000,87492.64,100000.0,-12507.36
2024-03-26 14:10:00.000000,87492.64,100000.0,-12507.36
2024-03-26 14:10:00.000000,87492.64,100000.0,-12507.36
2024-03-26 14:10:00.000000,87492.64,100000.0,-12507.36
2024-03-26 14:11:00.000000,87491.8,100000.0,-12508.199999999997
2024-03-26 14:11:00.000000,87491.8,100000.0,-12508.199999999997
2024-03-26 14:11:00.000000,87491.8,100000.0,-12508.199999999997
2024-03-26 14:11:00.000000,87491.8,100000.0,-12508.199999999997
2024-03-26 14:11:00.000000,87491.8,100000.0,-12508.199999999997
2024-03-26 14:11:00.000000,87491.8,100000.0,-12508.199999999997
2024-03-26 14:12:00.000000,87489.04000000001,100000.0,-12510.959999999992
2024-03-26 14:12:00.000000,87489.04000000001,100000.0,-12510.959999999992
2024-03-26 14:12:00.000000,87489.04000000001,100000.0,-12510.959999999992
2024-03-26 14:12:00.000000,87489.04000000001,100000.0,-12510.959999999992
2024-03-26 14:12:00.000000,87489.04000000001,100000.0,-12510.959999999992
2024-03-26 14:12:00.000000,87489.04000000001,100000.0,-12510.959999999992
2024-03-26 14:13:00.000000,87488.79759999999,100000.0,-12511.20240000001
2024-03-26 14:13:00.000000,95829.5992,100000.0,-4170.400800000003
2024-03-26 14:13:00.000000,95829.5992,100000.0,-4170.400800000003
2024-03-26 14:13:00.000000,95829.5992,100000.0,-4170.400800000003
2024-03-26 14:13:00.000000,95829.5992,100000.0,-4170.400800000003
2024-03-26 14:13:00.000000,95829.5992,100000.0,-4170.400800000003
2024-03-26 14:14:00.000000,95829.36,100000.0,-4170.639999999999
2024-03-26 14:14:00.000000,95829.36,100000.0,-4170.639999999999
2024-03-26 14:14:00.000000,95829.36,100000.0,-4170.639999999999
2024-03-26 14:14:00.000000,95829.36,100000.0,-4170.639999999999
2024-03-26 14:14:00.000000,95829.36,100000.0,-4170.639999999999
2024-03-26 14:14:00.000000,95829.36,100000.0,-4170.639999999999
2024-03-26 14:15:00.000000,95829.8,100000.0,-4170.199999999997
2024-03-26 14:15:00.000000,95829.8,100000.0,-4170.199999999997
2024-03-26 14:15:00.000000,95829.8,100000.0,-4170.199999999997
2024-03-26 14:15:00.000000,95829.8,100000.0,-4170.199999999997
2024-03-26 14:15:00.000000,95829.8,100000.0,-4170.199999999997
2024-03-26 14:15:00.000000,95829.8,100000.0,-4170.199999999997
2024-03-26 14:16:00.000000,95829.44,100000.0,-4170.559999999998
2024-03-26 14:16:00.000000,86445.68,100000.0,-13554.320000000007
2024-03-26 14:16:00.000000,86445.68,100000.0,-13554.320000000007
2024-03-26 14:16:00.000000,86445.68,100000.0,-13554.320000000007
2024-03-26 14:16:00.000000,86445.68,100000.0,-13554.320000000007
2024-03-26 14:16:00.000000,86445.68,100000.0,-13554.320000000007
2024-03-26 14:17:00.000000,86444.12,100000.0,-13555.880000000005
2024-03-26 14:17:00.000000,94786.2,100000.0,-5213.800000000003
2024-03-26 14:17:00.000000,94786.2,100000.0,-5213.800000000003
2024-03-26 14:17:00.000000,94786.2,100000.0,-5213.800000000003
2024-03-26 14:17:00.000000,94786.2,100000.0,-5213.800000000003
2024-03-26 14:17:00.000000,94786.2,100000.0,-5213.800000000003
2024-03-26 14:18:00.000000,94785.2,100000.0,-5214.800000000003
2024-03-26 14:18:00.000000,94785.2,100000.0,-5214.800000000003
2024-03-26 14:18:00.000000,94785.2,100000.0,-5214.800000000003
2024-03-26 14:18:00.000000,94785.2,100000.0,-5214.800000000003
2024-03-26 14:18:00.000000,94785.2,100000.0,-5214.800000000003
2024-03-26 14:18:00.000000,94785.2,100000.0,-5214.800000000003
2024-03-26 14:19:00.000000,94785.75,100000.0,-5214.25
2024-03-26 14:19:00.000000,94785.75,100000.0,-5214.25
2024-03-26 14:19:00.000000,94785.75,100000.0,-5214.25
2024-03-26 14:19:00.000000,94785.75,100000.0,-5214.25
2024-03-26 14:19:00.000000,94785.75,100000.0,-5214.25
2024-03-26 14:19:00.000000,94785.75,100000.0,-5214.25
2024-03-26 14:20:00.000000,94785.85,100000.0,-5214.149999999994
2024-03-26 14:20:00.000000,94785.85,100000.0,-5214.149999999994
2024-03-26 14:20:00.000000,94785.85,100000.0,-5214.149999999994
2024-03-26 14:20:00.000000,94785.85,100000.0,-5214.149999999994
2024-03-26 14:20:00.000000,94785.85,100000.0,-5214.149999999994
2024-03-26 14:20:00.000000,94785.85,100000.0,-5214.149999999994
2024-03-26 14:21:00.000000,94786.4,100000.0,-5213.600000000006
2024-03-26 14:21:00.000000,85401.92,100000.0,-14598.080000000002
2024-03-26 14:21:00.000000,85401.92,100000.0,-14598.080000000002
2024-03-26 14:21:00.000000,85401.92,100000.0,-14598.080000000002
2024-03-26 14:21:00.000000,85401.92,100000.0,-14598.080000000002
2024-03-26 14:21:00.000000,85401.92,100000.0,-14598.080000000002
2024-03-26 14:22:00.000000,85402.2,100000.0,-14597.800000000003
2024-03-26 14:22:00.000000,85402.2,100000.0,-14597.800000000003
2024-03-26 14:22:00.000000,85402.2,100000.0,-14597.800000000003
2024-03-26 14:22:00.000000,85402.2,100000.0,-14597.800000000003
2024-03-26 14:22:00.000000,85402.2,100000.0,-14597.800000000003
2024-03-26 14:22:00.000000,85402.2,100000.0,-14597.800000000003
2024-03-26 14:23:00.000000,85401.5,100000.0,-14598.5
2024-03-26 14:23:00.000000,85401.5,100000.0,-14598.5
2024-03-26 14:23:00.000000,85401.5,100000.0,-14598.5
2024-03-26 14:23:00.000000,85401.5,100000.0,-14598.5
2024-03-26 14:23:00.000000,85401.5,100000.0,-14598.5
2024-03-26 14:23:00.000000,85401.5,100000.0,-14598.5
2024-03-26 14:24:00.000000,85399.96,100000.0,-14600.039999999994
2024-03-26 14:24:00.000000,93742.84,100000.0,-6257.1600000000035
2024-03-26 14:24:00.000000,93742.84,100000.0,-6257.1600000000035
2024-03-26 14:24:00.000000,93742.84,100000.0,-6257.1600000000035
2024-03-26 14:24:00.000000,93742.84,100000.0,-6257.1600000000035
2024-03-26 14:24:00.000000,93742.84,100000.0,-6257.1600000000035
2024-03-26 14:25:00.000000,93744.4,100000.0,-6255.600000000006
2024-03-26 14:25:00.000000,93744.4,100000.0,-6255.600000000006
2024-03-26 14:25:00.000000,93744.4,100000.0,-6255.600000000006
2024-03-26 14:25:00.000000,93744.4,100000.0,-6255.600000000006
2024-03-26 14:25:00.000000,84882.3,100000.0,-15117.699999999997
2024-03-26 14:25:00.000000,84882.3,100000.0,-15117.699999999997
2024-03-26 14:26:00.000000,84881.14,100000.0,-15118.86
2024-03-26 14:26:00.000000,84881.14,100000.0,-15118.86
2024-03-26 14:26:00.000000,84881.14,100000.0,-15118.86
2024-03-26 14:26:00.000000,84881.14,100000.0,-15118.86
2024-03-26 14:26:00.000000,84881.14,100000.0,-15118.86
2024-03-26 14:26:00.000000,84881.14,100000.0,-15118.86
2024-03-26 14:27:00.000000,84885.2,100000.0,-15114.800000000003
2024-03-26 14:27:00.000000,84885.2,100000.0,-15114.800000000003
2024-03-26 14:27:00.000000,84885.2,100000.0,-15114.800000000003
2024-03-26 14:27:00.000000,84885.2,100000.0,-15114.800000000003
2024-03-26 14:27:00.000000,84885.2,100000.0,-15114.800000000003
2024-03-26 14:27:00.000000,84885.2,100000.0,-15114.800000000003
2024-03-26 14:28:00.000000,84885.48999999999,100000.0,-15114.51000000001
2024-03-26 14:28:00.000000,84885.48999999999,100000.0,-15114.51000000001
2024-03-26 14:28:00.000000,84885.48999999999,100000.0,-15114.51000000001
2024-03-26 14:28:00.000000,84885.48999999999,100000.0,-15114.51000000001
2024-03-26 14:28:00.000000,84885.48999999999,100000.0,-15114.51000000001
2024-03-26 14:28:00.000000,84885.48999999999,100000.0,-15114.51000000001
2024-03-26 14:29:00.000000,84888.97,100000.0,-15111.029999999999
2024-03-26 14:29:00.000000,84888.97,100000.0,-15111.029999999999
2024-03-26 14:29:00.000000,84888.97,100000.0,-15111.029999999999
2024-03-26 14:29:00.000000,84888.97,100000.0,-15111.029999999999
2024-03-26 14:29:00.000000,84888.97,100000.0,-15111.029999999999
2024-03-26 14:29:00.000000,84888.97,100000.0,-15111.029999999999
2024-03-26 14:30:00.000000,84891.29,100000.0,-15108.710000000006
2024-03-26 14:30:00.000000,84891.29,100000.0,-15108.710000000006
2024-03-26 14:30:00.000000,84891.29,100000.0,-15108.710000000006
2024-03-26 14:30:00.000000,84891.29,100000.0,-15108.710000000006
2024-03-26 14:30:00.000000,84891.29,100000.0,-15108.710000000006
2024-03-26 14:30:00.000000,84891.29,100000.0,-15108.710000000006
2024-03-26 14:31:00.000000,84897.3104,100000.0,-15102.689599999998
2024-03-26 14:31:00.000000,84897.3104,100000.0,-15102.689599999998
2024-03-26 14:31:00.000000,84897.3104,100000.0,-15102.689599999998
2024-03-26 14:31:00.000000,84897.3104,100000.0,-15102.689599999998
2024-03-26 14:31:00.000000,84897.3104,100000.0,-15102.689599999998
2024-03-26 14:31:00.000000,84897.3104,100000.0,-15102.689599999998
2024-03-26 14:32:00.000000,84893.9,100000.0,-15106.100000000006
2024-03-26 14:32:00.000000,84893.9,100000.0,-15106.100000000006
2024-03-26 14:32:00.000000,84893.9,100000.0,-15106.100000000006
2024-03-26 14:32:00.000000,84893.9,100000.0,-15106.100000000006
2024-03-26 14:32:00.000000,84893.9,100000.0,-15106.100000000006
2024-03-26 14:32:00.000000,84893.9,100000.0,-15106.100000000006
2024-03-26 14:33:00.000000,84894.335,100000.0,-15105.664999999994
2024-03-26 14:33:00.000000,84894.335,100000.0,-15105.664999999994
2024-03-26 14:33:00.000000,84894.335,100000.0,-15105.664999999994
2024-03-26 14:33:00.000000,84894.335,100000.0,-15105.664999999994
2024-03-26 14:33:00.000000,84894.335,100000.0,-15105.664999999994
2024-03-26 14:33:00.000000,84894.335,100000.0,-15105.664999999994
2024-03-26 14:34:00.000000,84891.29,100000.0,-15108.710000000006
2024-03-26 14:34:00.000000,93227.13,100000.0,-6772.869999999995
2024-03-26 14:34:00.000000,93227.13,100000.0,-6772.869999999995
2024-03-26 14:34:00.000000,93227.13,100000.0,-6772.869999999995
2024-03-26 14:34:00.000000,93227.13,100000.0,-6772.869999999995
2024-03-26 14:34:00.000000,93227.13,100000.0,-6772.869999999995
2024-03-26 14:35:00.000000,93227.26,100000.0,-6772.740000000005
2024-03-26 14:35:00.000000,93227.26,100000.0,-6772.740000000005
2024-03-26 14:35:00.000000,93227.26,100000.0,-6772.740000000005
2024-03-26 14:35:00.000000,93227.26,100000.0,-6772.740000000005
2024-03-26 14:35:00.000000,93227.26,100000.0,-6772.740000000005
2024-03-26 14:35:00.000000,93227.26,100000.0,-6772.740000000005
2024-03-26 14:36:00.000000,93228.5613,100000.0,-6771.438699999999
2024-03-26 14:36:00.000000,93228.5613,100000.0,-6771.438699999999
2024-03-26 14:36:00.000000,93228.5613,100000.0,-6771.438699999999
2024-03-26 14:36:00.000000,93228.5613,100000.0,-6771.438699999999
2024-03-26 14:36:00.000000,84373.603,100000.0,-15626.396999999997
2024-03-26 14:36:00.000000,84373.603,100000.0,-15626.396999999997
2024-03-26 14:37:00.000000,84369.1,100000.0,-15630.899999999994
2024-03-26 14:37:00.000000,84369.1,100000.0,-15630.899999999994
2024-03-26 14:37:00.000000,84369.1,100000.0,-15630.899999999994
2024-03-26 14:37:00.000000,84369.1,100000.0,-15630.899999999994
2024-03-26 14:37:00.000000,92705.58,100000.0,-7294.419999999998
2024-03-26 14:37:00.000000,92705.58,100000.0,-7294.419999999998
2024-03-26 14:38:00.000000,92704.95,100000.0,-7295.050000000003
2024-03-26 14:38:00.000000,92704.95,100000.0,-7295.050000000003
2024-03-26 14:38:00.000000,92704.95,100000.0,-7295.050000000003
2024-03-26 14:38:00.000000,92704.95,100000.0,-7295.050000000003
2024-03-26 14:38:00.000000,92704.95,100000.0,-7295.050000000003
2024-03-26 14:38:00.000000,92704.95,100000.0,-7295.050000000003
2024-03-26 14:39:00.000000,92704.53,100000.0,-7295.470000000001
2024-03-26 14:39:00.000000,92704.53,100000.0,-7295.470000000001
2024-03-26 14:39:00.000000,92704.53,100000.0,-7295.470000000001
2024-03-26 14:39:00.000000,92704.53,100000.0,-7295.470000000001
2024-03-26 14:39:00.000000,92704.53,100000.0,-7295.470000000001
2024-03-26 14:39:00.000000,92704.53,100000.0,-7295.470000000001
2024-03-26 14:40:00.000000,92706.21,100000.0,-7293.789999999994
2024-03-26 14:40:00.000000,92706.21,100000.0,-7293.789999999994
2024-03-26 14:40:00.000000,92706.21,100000.0,-7293.789999999994
2024-03-26 14:40:00.000000,92706.21,100000.0,-7293.789999999994
2024-03-26 14:40:00.000000,92706.21,100000.0,-7293.789999999994
2024-03-26 14:40:00.000000,92706.21,100000.0,-7293.789999999994
2024-03-26 14:41:00.000000,92705.16,100000.0,-7294.8399999999965
2024-03-26 14:41:00.000000,83847.14,100000.0,-16152.86
2024-03-26 14:41:00.000000,83847.14,100000.0,-16152.86
2024-03-26 14:41:00.000000,83847.14,100000.0,-16152.86
2024-03-26 14:41:00.000000,83847.14,100000.0,-16152.86
2024-03-26 14:41:00.000000,83847.14,100000.0,-16152.86
2024-03-26 14:42:00.000000,83847.14,100000.0,-16152.86
2024-03-26 14:42:00.000000,92184.1,100000.0,-7815.899999999994
2024-03-26 14:42:00.000000,92184.1,100000.0,-7815.899999999994
2024-03-26 14:42:00.000000,92184.1,100000.0,-7815.899999999994
2024-03-26 14:42:00.000000,92184.1,100000.0,-7815.899999999994
2024-03-26 14:42:00.000000,92184.1,100000.0,-7815.899999999994
2024-03-26 14:43:00.000000,92182.375,100000.0,-7817.625
2024-03-26 14:43:00.000000,92182.375,100000.0,-7817.625
2024-03-26 14:43:00.000000,92182.375,100000.0,-7817.625
2024-03-26 14:43:00.000000,92182.375,100000.0,-7817.625
2024-03-26 14:43:00.000000,92182.375,100000.0,-7817.625
2024-03-26 14:43:00.000000,92182.375,100000.0,-7817.625
2024-03-26 14:44:00.000000,92183.5,100000.0,-7816.5
2024-03-26 14:44:00.000000,92183.5,100000.0,-7816.5
2024-03-26 14:44:00.000000,92183.5,100000.0,-7816.5
2024-03-26 14:44:00.000000,92183.5,100000.0,-7816.5
2024-03-26 14:44:00.000000,92183.5,100000.0,-7816.5
2024-03-26 14:44:00.000000,92183.5,100000.0,-7816.5
2024-03-26 14:45:00.000000,92184.85,100000.0,-7815.149999999994
2024-03-26 14:45:00.000000,83327.68,100000.0,-16672.320000000007
2024-03-26 14:45:00.000000,83327.68,100000.0,-16672.320000000007
2024-03-26 14:45:00.000000,83327.68,100000.0,-16672.320000000007
2024-03-26 14:45:00.000000,83327.68,100000.0,-16672.320000000007
2024-03-26 14:45:00.000000,83327.68,100000.0,-16672.320000000007
2024-03-26 14:46:00.000000,83326.1024,100000.0,-16673.897599999997
2024-03-26 14:46:00.000000,83326.1024,100000.0,-16673.897599999997
2024-03-26 14:46:00.000000,83326.1024,100000.0,-16673.897599999997
2024-03-26 14:46:00.000000,83326.1024,100000.0,-16673.897599999997
2024-03-26 14:46:00.000000,83326.1024,100000.0,-16673.897599999997
2024-03-26 14:46:00.000000,83326.1024,100000.0,-16673.897599999997
2024-03-26 14:47:00.000000,83323.52,100000.0,-16676.479999999996
2024-03-26 14:47:00.000000,91140.62,100000.0,-8859.380000000005
2024-03-26 14:47:00.000000,91140.62,100000.0,-8859.380000000005
2024-03-26 14:47:00.000000,91140.62,100000.0,-8859.380000000005
2024-03-26 14:47:00.000000,91140.62,100000.0,-8859.380000000005
2024-03-26 14:47:00.000000,91140.62,100000.0,-8859.380000000005
2024-03-26 14:48:00.000000,91143.6817,100000.0,-8856.318299999999
2024-03-26 14:48:00.000000,82287.3634,100000.0,-17712.636599999998
2024-03-26 14:48:00.000000,82287.3634,100000.0,-17712.636599999998
2024-03-26 14:48:00.000000,82287.3634,100000.0,-17712.636599999998
2024-03-26 14:48:00.000000,82287.3634,100000.0,-17712.636599999998
2024-03-26 14:48:00.000000,82287.3634,100000.0,-17712.636599999998
2024-03-26 14:49:00.000000,82287.53,100000.0,-17712.47
2024-03-26 14:49:00.000000,82287.53,100000.0,-17712.47
2024-03-26 14:49:00.000000,82287.53,100000.0,-17712.47
2024-03-26 14:49:00.000000,82287.53,100000.0,-17712.47
2024-03-26 14:49:00.000000,82287.53,100000.0,-17712.47
2024-03-26 14:49:00.000000,82287.53,100000.0,-17712.47
2024-03-26 14:50:00.000000,82285.66,100000.0,-17714.339999999997
2024-03-26 14:50:00.000000,82285.66,100000.0,-17714.339999999997
2024-03-26 14:50:00.000000,82285.66,100000.0,-17714.339999999997
2024-03-26 14:50:00.000000,82285.66,100000.0,-17714.339999999997
2024-03-26 14:50:00.000000,82285.66,100000.0,-17714.339999999997
2024-03-26 14:50:00.000000,82285.66,100000.0,-17714.339999999997
2024-03-26 14:51:00.000000,82282.94,100000.0,-17717.059999999998
2024-03-26 14:51:00.000000,90099.29,100000.0,-9900.710000000006
2024-03-26 14:51:00.000000,90099.29,100000.0,-9900.710000000006
2024-03-26 14:51:00.000000,90099.29,100000.0,-9900.710000000006
2024-03-26 14:51:00.000000,90099.29,100000.0,-9900.710000000006
2024-03-26 14:51:00.000000,90099.29,100000.0,-9900.710000000006
2024-03-26 14:52:00.000000,90099.48,100000.0,-9900.520000000004
2024-03-26 14:52:00.000000,90099.48,100000.0,-9900.520000000004
2024-03-26 14:52:00.000000,90099.48,100000.0,-9900.520000000004
2024-03-26 14:52:00.000000,90099.48,100000.0,-9900.520000000004
2024-03-26 14:52:00.000000,90099.48,100000.0,-9900.520000000004
2024-03-26 14:52:00.000000,90099.48,100000.0,-9900.520000000004
2024-03-26 14:53:00.000000,90098.53,100000.0,-9901.470000000001
2024-03-26 14:53:00.000000,90098.53,100000.0,-9901.470000000001
2024-03-26 14:53:00.000000,90098.53,100000.0,-9901.470000000001
2024-03-26 14:53:00.000000,90098.53,100000.0,-9901.470000000001
2024-03-26 14:53:00.000000,90098.53,100000.0,-9901.470000000001
2024-03-26 14:53:00.000000,90098.53,100000.0,-9901.470000000001
2024-03-26 14:54:00.000000,90097.77,100000.0,-9902.229999999996
2024-03-26 14:54:00.000000,90097.77,100000.0,-9902.229999999996
2024-03-26 14:54:00.000000,90097.77,100000.0,-9902.229999999996
2024-03-26 14:54:00.000000,90097.77,100000.0,-9902.229999999996
2024-03-26 14:54:00.000000,90097.77,100000.0,-9902.229999999996
2024-03-26 14:54:00.000000,90097.77,100000.0,-9902.229999999996
2024-03-26 14:55:00.000000,90096.915,100000.0,-9903.085000000006
2024-03-26 14:55:00.000000,90096.915,100000.0,-9903.085000000006
2024-03-26 14:55:00.000000,90096.915,100000.0,-9903.085000000006
2024-03-26 14:55:00.000000,90096.915,100000.0,-9903.085000000006
2024-03-26 14:55:00.000000,90096.915,100000.0,-9903.085000000006
2024-03-26 14:55:00.000000,90096.915,100000.0,-9903.085000000006
2024-03-26 14:56:00.000000,90097.5819,100000.0,-9902.418099999995
2024-03-26 14:56:00.000000,90097.5819,100000.0,-9902.418099999995
2024-03-26 14:56:00.000000,90097.5819,100000.0,-9902.418099999995
2024-03-26 14:56:00.000000,90097.5819,100000.0,-9902.418099999995
2024-03-26 14:56:00.000000,90097.5819,100000.0,-9902.418099999995
2024-03-26 14:56:00.000000,90097.5819,100000.0,-9902.418099999995
2024-03-26 14:57:00.000000,90096.44,100000.0,-9903.559999999998
2024-03-26 14:57:00.000000,90096.44,100000.0,-9903.559999999998
2024-03-26 14:57:00.000000,90096.44,100000.0,-9903.559999999998
2024-03-26 14:57:00.000000,90096.44,100000.0,-9903.559999999998
2024-03-26 14:57:00.000000,90096.44,100000.0,-9903.559999999998
2024-03-26 14:57:00.000000,90096.44,100000.0,-9903.559999999998
2024-03-26 14:58:00.000000,90095.68,100000.0,-9904.320000000007
2024-03-26 14:58:00.000000,90095.68,100000.0,-9904.320000000007
2024-03-26 14:58:00.000000,90095.68,100000.0,-9904.320000000007
2024-03-26 14:58:00.000000,90095.68,100000.0,-9904.320000000007
2024-03-26 14:58:00.000000,90095.68,100000.0,-9904.320000000007
2024-03-26 14:58:00.000000,90095.68,100000.0,-9904.320000000007
2024-03-26 14:59:00.000000,90095.3,100000.0,-9904.699999999997
2024-03-26 14:59:00.000000,90095.3,100000.0,-9904.699999999997
2024-03-26 14:59:00.000000,90095.3,100000.0,-9904.699999999997
2024-03-26 14:59:00.000000,90095.3,100000.0,-9904.699999999997
2024-03-26 14:59:00.000000,90095.3,100000.0,-9904.699999999997
2024-03-26 14:59:00.000000,90095.3,100000.0,-9904.699999999997
2024-03-26 15:00:00.000000,90094.54,100000.0,-9905.460000000006
2024-03-26 15:00:00.000000,90094.54,100000.0,-9905.460000000006
2024-03-26 15:00:00.000000,90094.54,100000.0,-9905.460000000006
2024-03-26 15:00:00.000000,90094.54,100000.0,-9905.460000000006
2024-03-26 15:00:00.000000,90094.54,100000.0,-9905.460000000006
2024-03-26 15:00:00.000000,90094.54,100000.0,-9905.460000000006
2024-03-26 15:01:00.000000,90095.0416,100000.0,-9904.958400000003
2024-03-26 15:01:00.000000,90095.0416,100000.0,-9904.958400000003
2024-03-26 15:01:00.000000,90095.0416,100000.0,-9904.958400000003
2024-03-26 15:01:00.000000,90095.0416,100000.0,-9904.958400000003
2024-03-26 15:01:00.000000,90095.0416,100000.0,-9904.958400000003
2024-03-26 15:01:00.000000,90095.0416,100000.0,-9904.958400000003
2024-03-26 15:02:00.000000,90095.49,100000.0,-9904.509999999995
2024-03-26 15:02:00.000000,90095.49,100000.0,-9904.509999999995
2024-03-26 15:02:00.000000,90095.49,100000.0,-9904.509999999995
2024-03-26 15:02:00.000000,90095.49,100000.0,-9904.509999999995
2024-03-26 15:02:00.000000,81233.56,100000.0,-18766.440000000002
2024-03-26 15:02:00.000000,81233.56,100000.0,-18766.440000000002
2024-03-26 15:03:00.000000,81235.0,100000.0,-18765.0
2024-03-26 15:03:00.000000,81235.0,100000.0,-18765.0
2024-03-26 15:03:00.000000,81235.0,100000.0,-18765.0
2024-03-26 15:03:00.000000,81235.0,100000.0,-18765.0
2024-03-26 15:03:00.000000,81235.0,100000.0,-18765.0
2024-03-26 15:03:00.000000,81235.0,100000.0,-18765.0
2024-03-26 15:04:00.000000,81236.8,100000.0,-18763.199999999997
2024-03-26 15:04:00.000000,81236.8,100000.0,-18763.199999999997
2024-03-26 15:04:00.000000,81236.8,100000.0,-18763.199999999997
2024-03-26 15:04:00.000000,81236.8,100000.0,-18763.199999999997
2024-03-26 15:04:00.000000,81236.8,100000.0,-18763.199999999997
2024-03-26 15:04:00.000000,81236.8,100000.0,-18763.199999999997
2024-03-26 15:05:00.000000,81236.0908,100000.0,-18763.909199999995
2024-03-26 15:05:00.000000,81236.0908,100000.0,-18763.909199999995
2024-03-26 15:05:00.000000,81236.0908,100000.0,-18763.909199999995
2024-03-26 15:05:00.000000,81236.0908,100000.0,-18763.909199999995
2024-03-26 15:05:00.000000,81236.0908,100000.0,-18763.909199999995
2024-03-26 15:05:00.000000,81236.0908,100000.0,-18763.909199999995
2024-03-26 15:06:00.000000,81235.72,100000.0,-18764.28
2024-03-26 15:06:00.000000,81235.72,100000.0,-18764.28
2024-03-26 15:06:00.000000,81235.72,100000.0,-18764.28
2024-03-26 15:06:00.000000,81235.72,100000.0,-18764.28
2024-03-26 15:06:00.000000,81235.72,100000.0,-18764.28
2024-03-26 15:06:00.000000,81235.72,100000.0,-18764.28
2024-03-26 15:07:00.000000,81236.8036,100000.0,-18763.1964
2024-03-26 15:07:00.000000,81236.8036,100000.0,-18763.1964
2024-03-26 15:07:00.000000,81236.8036,100000.0,-18763.1964
2024-03-26 15:07:00.000000,81236.8036,100000.0,-18763.1964
2024-03-26 15:07:00.000000,81236.8036,100000.0,-18763.1964
2024-03-26 15:07:00.000000,81236.8036,100000.0,-18763.1964
2024-03-26 15:08:00.000000,81236.44,100000.0,-18763.559999999998
2024-03-26 15:08:00.000000,81236.44,100000.0,-18763.559999999998
2024-03-26 15:08:00.000000,81236.44,100000.0,-18763.559999999998
2024-03-26 15:08:00.000000,81236.44,100000.0,-18763.559999999998
2024-03-26 15:08:00.000000,81236.44,100000.0,-18763.559999999998
2024-03-26 15:08:00.000000,81236.44,100000.0,-18763.559999999998
2024-03-26 15:09:00.000000,81234.64,100000.0,-18765.36
2024-03-26 15:09:00.000000,89053.54000000001,100000.0,-10946.459999999992
2024-03-26 15:09:00.000000,89053.54000000001,100000.0,-10946.459999999992
2024-03-26 15:09:00.000000,89053.54000000001,100000.0,-10946.459999999992
2024-03-26 15:09:00.000000,89053.54000000001,100000.0,-10946.459999999992
2024-03-26 15:09:00.000000,89053.54000000001,100000.0,-10946.459999999992
2024-03-26 15:10:00.000000,89052.28,100000.0,-10947.720000000001
2024-03-26 15:10:00.000000,89052.28,100000.0,-10947.720000000001
2024-03-26 15:10:00.000000,89052.28,100000.0,-10947.720000000001
2024-03-26 15:10:00.000000,89052.28,100000.0,-10947.720000000001
2024-03-26 15:10:00.000000,89052.28,100000.0,-10947.720000000001
2024-03-26 15:10:00.000000,89052.28,100000.0,-10947.720000000001
2024-03-26 15:11:00.000000,89053.3279,100000.0,-10946.672099999996
2024-03-26 15:11:00.000000,89053.3279,100000.0,-10946.672099999996
2024-03-26 15:11:00.000000,89053.3279,100000.0,-10946.672099999996
2024-03-26 15:11:00.000000,89053.3279,100000.0,-10946.672099999996
2024-03-26 15:11:00.000000,89053.3279,100000.0,-10946.672099999996
2024-03-26 15:11:00.000000,89053.3279,100000.0,-10946.672099999996
2024-03-26 15:12:00.000000,89055.01,100000.0,-10944.990000000005
2024-03-26 15:12:00.000000,80194.78,100000.0,-19805.22
2024-03-26 15:12:00.000000,80194.78,100000.0,-19805.22
2024-03-26 15:12:00.000000,80194.78,100000.0,-19805.22
2024-03-26 15:12:00.000000,80194.78,100000.0,-19805.22
2024-03-26 15:12:00.000000,80194.78,100000.0,-19805.22
2024-03-26 15:13:00.000000,80194.4,100000.0,-19805.600000000006
2024-03-26 15:13:00.000000,80194.4,100000.0,-19805.600000000006
2024-03-26 15:13:00.000000,80194.4,100000.0,-19805.600000000006
2024-03-26 15:13:00.000000,80194.4,100000.0,-19805.600000000006
2024-03-26 15:13:00.000000,80194.4,100000.0,-19805.600000000006
2024-03-26 15:13:00.000000,80194.4,100000.0,-19805.600000000006
2024-03-26 15:14:00.000000,80193.83,100000.0,-19806.17
2024-03-26 15:14:00.000000,80193.83,100000.0,-19806.17
2024-03-26 15:14:00.000000,80193.83,100000.0,-19806.17
2024-03-26 15:14:00.000000,80193.83,100000.0,-19806.17
2024-03-26 15:14:00.000000,80193.83,100000.0,-19806.17
2024-03-26 15:14:00.000000,80193.83,100000.0,-19806.17
2024-03-26 15:15:00.000000,80194.78,100000.0,-19805.22
2024-03-26 15:15:00.000000,80194.78,100000.0,-19805.22
2024-03-26 15:15:00.000000,80194.78,100000.0,-19805.22
2024-03-26 15:15:00.000000,80194.78,100000.0,-19805.22
2024-03-26 15:15:00.000000,80194.78,100000.0,-19805.22
2024-03-26 15:15:00.000000,80194.78,100000.0,-19805.22
2024-03-26 15:16:00.000000,80195.16,100000.0,-19804.839999999997
2024-03-26 15:16:00.000000,80195.16,100000.0,-19804.839999999997
2024-03-26 15:16:00.000000,80195.16,100000.0,-19804.839999999997
2024-03-26 15:16:00.000000,80195.16,100000.0,-19804.839999999997
2024-03-26 15:16:00.000000,80195.16,100000.0,-19804.839999999997
2024-03-26 15:16:00.000000,80195.16,100000.0,-19804.839999999997
2024-03-26 15:17:00.000000,80194.01999999999,100000.0,-19805.98000000001
2024-03-26 15:17:00.000000,80194.01999999999,100000.0,-19805.98000000001
2024-03-26 15:17:00.000000,80194.01999999999,100000.0,-19805.98000000001
2024-03-26 15:17:00.000000,80194.01999999999,100000.0,-19805.98000000001
2024-03-26 15:17:00.000000,80194.01999999999,100000.0,-19805.98000000001
2024-03-26 15:17:00.000000,80194.01999999999,100000.0,-19805.98000000001
2024-03-26 15:18:00.000000,80190.98000000001,100000.0,-19809.01999999999
2024-03-26 15:18:00.000000,88010.33,100000.0,-11989.669999999998
2024-03-26 15:18:00.000000,88010.33,100000.0,-11989.669999999998
2024-03-26 15:18:00.000000,88010.33,100000.0,-11989.669999999998
2024-03-26 15:18:00.000000,88010.33,100000.0,-11989.669999999998
2024-03-26 15:18:00.000000,88010.33,100000.0,-11989.669999999998
2024-03-26 15:19:00.000000,88012.17,100000.0,-11987.830000000002
2024-03-26 15:19:00.000000,88012.17,100000.0,-11987.830000000002
2024-03-26 15:19:00.000000,88012.17,100000.0,-11987.830000000002
2024-03-26 15:19:00.000000,88012.17,100000.0,-11987.830000000002
2024-03-26 15:19:00.000000,88012.17,100000.0,-11987.830000000002
2024-03-26 15:19:00.000000,88012.17,100000.0,-11987.830000000002
2024-03-26 15:20:00.000000,88012.8577,100000.0,-11987.142300000007
2024-03-26 15:20:00.000000,79673.9761,100000.0,-20326.0239
2024-03-26 15:20:00.000000,79673.9761,100000.0,-20326.0239
2024-03-26 15:20:00.000000,79673.9761,100000.0,-20326.0239
2024-03-26 15:20:00.000000,79673.9761,100000.0,-20326.0239
2024-03-26 15:20:00.000000,79673.9761,100000.0,-20326.0239
2024-03-26 15:21:00.000000,79669.88500000001,100000.0,-20330.11499999999
2024-03-26 15:21:00.000000,79669.88500000001,100000.0,-20330.11499999999
2024-03-26 15:21:00.000000,79669.88500000001,100000.0,-20330.11499999999
2024-03-26 15:21:00.000000,79669.88500000001,100000.0,-20330.11499999999
2024-03-26 15:21:00.000000,87489.16,100000.0,-12510.839999999997
2024-03-26 15:21:00.000000,87489.16,100000.0,-12510.839999999997
2024-03-26 15:22:00.000000,87488.8,100000.0,-12511.199999999997
2024-03-26 15:22:00.000000,87488.8,100000.0,-12511.199999999997
2024-03-26 15:22:00.000000,87488.8,100000.0,-12511.199999999997
2024-03-26 15:22:00.000000,87488.8,100000.0,-12511.199999999997
2024-03-26 15:22:00.000000,87488.8,100000.0,-12511.199999999997
2024-03-26 15:22:00.000000,87488.8,100000.0,-12511.199999999997
2024-03-26 15:23:00.000000,87488.32,100000.0,-12511.679999999993
2024-03-26 15:23:00.000000,87488.32,100000.0,-12511.679999999993
2024-03-26 15:23:00.000000,87488.32,100000.0,-12511.679999999993
2024-03-26 15:23:00.000000,87488.32,100000.0,-12511.679999999993
2024-03-26 15:23:00.000000,87488.32,100000.0,-12511.679999999993
2024-03-26 15:23:00.000000,87488.32,100000.0,-12511.679999999993
2024-03-26 15:24:00.000000,87489.28,100000.0,-12510.720000000001
2024-03-26 15:24:00.000000,87489.28,100000.0,-12510.720000000001
2024-03-26 15:24:00.000000,87489.28,100000.0,-12510.720000000001
2024-03-26 15:24:00.000000,87489.28,100000.0,-12510.720000000001
2024-03-26 15:24:00.000000,87489.28,100000.0,-12510.720000000001
2024-03-26 15:24:00.000000,87489.28,100000.0,-12510.720000000001
2024-03-26 15:25:00.000000,87486.94,100000.0,-12513.059999999998
2024-03-26 15:25:00.000000,87486.94,100000.0,-12513.059999999998
2024-03-26 15:25:00.000000,87486.94,100000.0,-12513.059999999998
2024-03-26 15:25:00.000000,87486.94,100000.0,-12513.059999999998
2024-03-26 15:25:00.000000,87486.94,100000.0,-12513.059999999998
2024-03-26 15:25:00.000000,87486.94,100000.0,-12513.059999999998
2024-03-26 15:26:00.000000,87487.6,100000.0,-12512.399999999994
2024-03-26 15:26:00.000000,87487.6,100000.0,-12512.399999999994
2024-03-26 15:26:00.000000,87487.6,100000.0,-12512.399999999994
2024-03-26 15:26:00.000000,87487.6,100000.0,-12512.399999999994
2024-03-26 15:26:00.000000,87487.6,100000.0,-12512.399999999994
2024-03-26 15:26:00.000000,87487.6,100000.0,-12512.399999999994
2024-03-26 15:27:00.000000,87488.08,100000.0,-12511.919999999998
2024-03-26 15:27:00.000000,87488.08,100000.0,-12511.919999999998
2024-03-26 15:27:00.000000,87488.08,100000.0,-12511.919999999998
2024-03-26 15:27:00.000000,87488.08,100000.0,-12511.919999999998
2024-03-26 15:27:00.000000,87488.08,100000.0,-12511.919999999998
2024-03-26 15:27:00.000000,87488.08,100000.0,-12511.919999999998
2024-03-26 15:28:00.000000,87487.6,100000.0,-12512.399999999994
2024-03-26 15:28:00.000000,87487.6,100000.0,-12512.399999999994
2024-03-26 15:28:00.000000,87487.6,100000.0,-12512.399999999994
2024-03-26 15:28:00.000000,87487.6,100000.0,-12512.399999999994
2024-03-26 15:28:00.000000,87487.6,100000.0,-12512.399999999994
2024-03-26 15:28:00.000000,87487.6,100000.0,-12512.399999999994
2024-03-26 15:29:00.000000,87489.28,100000.0,-12510.720000000001
2024-03-26 15:29:00.000000,79148.8,100000.0,-20851.199999999997
2024-03-26 15:29:00.000000,79148.8,100000.0,-20851.199999999997
2024-03-26 15:29:00.000000,79148.8,100000.0,-20851.199999999997
2024-03-26 15:29:00.000000,79148.8,100000.0,-20851.199999999997
2024-03-26 15:29:00.000000,79148.8,100000.0,-20851.199999999997
2024-03-26 15:30:00.000000,79148.004,100000.0,-20851.996
2024-03-26 15:30:00.000000,79148.004,100000.0,-20851.996
2024-03-26 15:30:00.000000,79148.004,100000.0,-20851.996
2024-03-26 15:30:00.000000,79148.004,100000.0,-20851.996
2024-03-26 15:30:00.000000,79148.004,100000.0,-20851.996
2024-03-26 15:30:00.000000,79148.004,100000.0,-20851.996
2024-03-26 15:31:00.000000,79152.4,100000.0,-20847.600000000006
2024-03-26 15:31:00.000000,79152.4,100000.0,-20847.600000000006
2024-03-26 15:31:00.000000,79152.4,100000.0,-20847.600000000006
2024-03-26 15:31:00.000000,79152.4,100000.0,-20847.600000000006
2024-03-26 15:31:00.000000,79152.4,100000.0,-20847.600000000006
2024-03-26 15:31:00.000000,79152.4,100000.0,-20847.600000000006
2024-03-26 15:32:00.000000,79150.4,100000.0,-20849.600000000006
2024-03-26 15:32:00.000000,79150.4,100000.0,-20849.600000000006
2024-03-26 15:32:00.000000,79150.4,100000.0,-20849.600000000006
2024-03-26 15:32:00.000000,79150.4,100000.0,-20849.600000000006
2024-03-26 15:32:00.000000,79150.4,100000.0,-20849.600000000006
2024-03-26 15:32:00.000000,79150.4,100000.0,-20849.600000000006
2024-03-26 15:33:00.000000,79148.6,100000.0,-20851.399999999994
2024-03-26 15:33:00.000000,79148.6,100000.0,-20851.399999999994
2024-03-26 15:33:00.000000,79148.6,100000.0,-20851.399999999994
2024-03-26 15:33:00.000000,79148.6,100000.0,-20851.399999999994
2024-03-26 15:33:00.000000,86967.875,100000.0,-13032.125
2024-03-26 15:33:00.000000,86967.875,100000.0,-13032.125
2024-03-26 15:34:00.000000,86968.75,100000.0,-13031.25
2024-03-26 15:34:00.000000,86968.75,100000.0,-13031.25
2024-03-26 15:34:00.000000,86968.75,100000.0,-13031.25
2024-03-26 15:34:00.000000,86968.75,100000.0,-13031.25
2024-03-26 15:34:00.000000,86968.75,100000.0,-13031.25
2024-03-26 15:34:00.000000,86968.75,100000.0,-13031.25
2024-03-26 15:35:00.000000,86968.5,100000.0,-13031.5
2024-03-26 15:35:00.000000,86968.5,100000.0,-13031.5
2024-03-26 15:35:00.000000,86968.5,100000.0,-13031.5
2024-03-26 15:35:00.000000,86968.5,100000.0,-13031.5
2024-03-26 15:35:00.000000,86968.5,100000.0,-13031.5
2024-03-26 15:35:00.000000,86968.5,100000.0,-13031.5
2024-03-26 15:36:00.000000,86969.25,100000.0,-13030.75
2024-03-26 15:36:00.000000,78629.57,100000.0,-21370.429999999993
2024-03-26 15:36:00.000000,78629.57,100000.0,-21370.429999999993
2024-03-26 15:36:00.000000,78629.57,100000.0,-21370.429999999993
2024-03-26 15:36:00.000000,78629.57,100000.0,-21370.429999999993
2024-03-26 15:36:00.000000,78629.57,100000.0,-21370.429999999993
2024-03-26 15:37:00.000000,78629.98,100000.0,-21370.020000000004
2024-03-26 15:37:00.000000,78629.98,100000.0,-21370.020000000004
2024-03-26 15:37:00.000000,78629.98,100000.0,-21370.020000000004
2024-03-26 15:37:00.000000,78629.98,100000.0,-21370.020000000004
2024-03-26 15:37:00.000000,78629.98,100000.0,-21370.020000000004
2024-03-26 15:37:00.000000,78629.98,100000.0,-21370.020000000004
2024-03-26 15:38:00.000000,78633.67,100000.0,-21366.33
2024-03-26 15:38:00.000000,78633.67,100000.0,-21366.33
2024-03-26 15:38:00.000000,78633.67,100000.0,-21366.33
2024-03-26 15:38:00.000000,78633.67,100000.0,-21366.33
2024-03-26 15:38:00.000000,78633.67,100000.0,-21366.33
2024-03-26 15:38:00.000000,78633.67,100000.0,-21366.33
2024-03-26 15:39:00.000000,78631.41500000001,100000.0,-21368.584999999992
2024-03-26 15:39:00.000000,78631.41500000001,100000.0,-21368.584999999992
2024-03-26 15:39:00.000000,78631.41500000001,100000.0,-21368.584999999992
2024-03-26 15:39:00.000000,78631.41500000001,100000.0,-21368.584999999992
2024-03-26 15:39:00.000000,78631.41500000001,100000.0,-21368.584999999992
2024-03-26 15:39:00.000000,78631.41500000001,100000.0,-21368.584999999992
2024-03-26 15:40:00.000000,78634.9041,100000.0,-21365.0959
2024-03-26 15:40:00.000000,78634.9041,100000.0,-21365.0959
2024-03-26 15:40:00.000000,78634.9041,100000.0,-21365.0959
2024-03-26 15:40:00.000000,78634.9041,100000.0,-21365.0959
2024-03-26 15:40:00.000000,78634.9041,100000.0,-21365.0959
2024-03-26 15:40:00.000000,78634.9041,100000.0,-21365.0959
2024-03-26 15:41:00.000000,78629.57,100000.0,-21370.429999999993
2024-03-26 15:41:00.000000,78629.57,100000.0,-21370.429999999993
2024-03-26 15:41:00.000000,78629.57,100000.0,-21370.429999999993
2024-03-26 15:41:00.000000,78629.57,100000.0,-21370.429999999993
2024-03-26 15:41:00.000000,86448.02,100000.0,-13551.979999999996
2024-03-26 15:41:00.000000,86448.02,100000.0,-13551.979999999996
2024-03-26 15:42:00.000000,86448.54,100000.0,-13551.460000000006
2024-03-26 15:42:00.000000,86448.54,100000.0,-13551.460000000006
2024-03-26 15:42:00.000000,86448.54,100000.0,-13551.460000000006
2024-03-26 15:42:00.000000,86448.54,100000.0,-13551.460000000006
2024-03-26 15:42:00.000000,86448.54,100000.0,-13551.460000000006
2024-03-26 15:42:00.000000,86448.54,100000.0,-13551.460000000006
2024-03-26 15:43:00.000000,86450.1,100000.0,-13549.899999999994
2024-03-26 15:43:00.000000,86450.1,100000.0,-13549.899999999994
2024-03-26 15:43:00.000000,86450.1,100000.0,-13549.899999999994
2024-03-26 15:43:00.000000,86450.1,100000.0,-13549.899999999994
2024-03-26 15:43:00.000000,78111.7,100000.0,-21888.300000000003
2024-03-26 15:43:00.000000,78111.7,100000.0,-21888.300000000003
2024-03-26 15:44:00.000000,78110.01999999999,100000.0,-21889.98000000001
2024-03-26 15:44:00.000000,78110.01999999999,100000.0,-21889.98000000001
2024-03-26 15:44:00.000000,78110.01999999999,100000.0,-21889.98000000001
2024-03-26 15:44:00.000000,78110.01999999999,100000.0,-21889.98000000001
2024-03-26 15:44:00.000000,78110.01999999999,100000.0,-21889.98000000001
2024-03-26 15:44:00.000000,78110.01999999999,100000.0,-21889.98000000001
2024-03-26 15:45:00.000000,78110.44,100000.0,-21889.559999999998
2024-03-26 15:45:00.000000,78110.44,100000.0,-21889.559999999998
2024-03-26 15:45:00.000000,78110.44,100000.0,-21889.559999999998
2024-03-26 15:45:00.000000,78110.44,100000.0,-21889.559999999998
2024-03-26 15:45:00.000000,78110.44,100000.0,-21889.559999999998
2024-03-26 15:45:00.000000,78110.44,100000.0,-21889.559999999998
2024-03-26 15:46:00.000000,78112.12,100000.0,-21887.880000000005
2024-03-26 15:46:00.000000,78112.12,100000.0,-21887.880000000005
2024-03-26 15:46:00.000000,78112.12,100000.0,-21887.880000000005
2024-03-26 15:46:00.000000,78112.12,100000.0,-21887.880000000005
2024-03-26 15:46:00.000000,78112.12,100000.0,-21887.880000000005
2024-03-26 15:46:00.000000,78112.12,100000.0,-21887.880000000005
2024-03-26 15:47:00.000000,78112.75,100000.0,-21887.25
2024-03-26 15:47:00.000000,78112.75,100000.0,-21887.25
2024-03-26 15:47:00.000000,78112.75,100000.0,-21887.25
2024-03-26 15:47:00.000000,78112.75,100000.0,-21887.25
2024-03-26 15:47:00.000000,78112.75,100000.0,-21887.25
2024-03-26 15:47:00.000000,78112.75,100000.0,-21887.25
2024-03-26 15:48:00.000000,78110.44,100000.0,-21889.559999999998
2024-03-26 15:48:00.000000,78110.44,100000.0,-21889.559999999998
2024-03-26 15:48:00.000000,78110.44,100000.0,-21889.559999999998
2024-03-26 15:48:00.000000,78110.44,100000.0,-21889.559999999998
2024-03-26 15:48:00.000000,78110.44,100000.0,-21889.559999999998
2024-03-26 15:48:00.000000,78110.44,100000.0,-21889.559999999998
2024-03-26 15:49:00.000000,78113.38,100000.0,-21886.619999999995
2024-03-26 15:49:00.000000,78113.38,100000.0,-21886.619999999995
2024-03-26 15:49:00.000000,78113.38,100000.0,-21886.619999999995
2024-03-26 15:49:00.000000,78113.38,100000.0,-21886.619999999995
2024-03-26 15:49:00.000000,78113.38,100000.0,-21886.619999999995
2024-03-26 15:49:00.000000,78113.38,100000.0,-21886.619999999995
2024-03-26 15:50:00.000000,78106.24,100000.0,-21893.759999999995
2024-03-26 15:50:00.000000,85404.16,100000.0,-14595.839999999997
2024-03-26 15:50:00.000000,85404.16,100000.0,-14595.839999999997
2024-03-26 15:50:00.000000,85404.16,100000.0,-14595.839999999997
2024-03-26 15:50:00.000000,85404.16,100000.0,-14595.839999999997
2024-03-26 15:50:00.000000,85404.16,100000.0,-14595.839999999997
2024-03-26 15:51:00.000000,85401.9172,100000.0,-14598.082800000004
2024-03-26 15:51:00.000000,85401.9172,100000.0,-14598.082800000004
2024-03-26 15:51:00.000000,85401.9172,100000.0,-14598.082800000004
2024-03-26 15:51:00.000000,85401.9172,100000.0,-14598.082800000004
2024-03-26 15:51:00.000000,85401.9172,100000.0,-14598.082800000004
2024-03-26 15:51:00.000000,85401.9172,100000.0,-14598.082800000004
2024-03-26 15:52:00.000000,85401.36,100000.0,-14598.64
2024-03-26 15:52:00.000000,85401.36,100000.0,-14598.64
2024-03-26 15:52:00.000000,85401.36,100000.0,-14598.64
2024-03-26 15:52:00.000000,85401.36,100000.0,-14598.64
2024-03-26 15:52:00.000000,85401.36,100000.0,-14598.64
2024-03-26 15:52:00.000000,85401.36,100000.0,-14598.64
2024-03-26 15:53:00.000000,85402.48,100000.0,-14597.520000000004
2024-03-26 15:53:00.000000,85402.48,100000.0,-14597.520000000004
2024-03-26 15:53:00.000000,85402.48,100000.0,-14597.520000000004
2024-03-26 15:53:00.000000,85402.48,100000.0,-14597.520000000004
2024-03-26 15:53:00.000000,85402.48,100000.0,-14597.520000000004
2024-03-26 15:53:00.000000,85402.48,100000.0,-14597.520000000004
2024-03-26 15:54:00.000000,85400.8,100000.0,-14599.199999999997
2024-03-26 15:54:00.000000,85400.8,100000.0,-14599.199999999997
2024-03-26 15:54:00.000000,85400.8,100000.0,-14599.199999999997
2024-03-26 15:54:00.000000,85400.8,100000.0,-14599.199999999997
2024-03-26 15:54:00.000000,85400.8,100000.0,-14599.199999999997
2024-03-26 15:54:00.000000,85400.8,100000.0,-14599.199999999997
2024-03-26 15:55:00.000000,85401.08,100000.0,-14598.919999999998
2024-03-26 15:55:00.000000,85401.08,100000.0,-14598.919999999998
2024-03-26 15:55:00.000000,85401.08,100000.0,-14598.919999999998
2024-03-26 15:55:00.000000,85401.08,100000.0,-14598.919999999998
2024-03-26 15:55:00.000000,85401.08,100000.0,-14598.919999999998
2024-03-26 15:55:00.000000,85401.08,100000.0,-14598.919999999998
2024-03-26 15:56:00.000000,85400.66,100000.0,-14599.339999999997
2024-03-26 15:56:00.000000,85400.66,100000.0,-14599.339999999997
2024-03-26 15:56:00.000000,85400.66,100000.0,-14599.339999999997
2024-03-26 15:56:00.000000,85400.66,100000.0,-14599.339999999997
2024-03-26 15:56:00.000000,85400.66,100000.0,-14599.339999999997
2024-03-26 15:56:00.000000,85400.66,100000.0,-14599.339999999997
2024-03-26 15:57:00.000000,85402.06,100000.0,-14597.940000000002
2024-03-26 15:57:00.000000,85402.06,100000.0,-14597.940000000002
2024-03-26 15:57:00.000000,85402.06,100000.0,-14597.940000000002
2024-03-26 15:57:00.000000,85402.06,100000.0,-14597.940000000002
2024-03-26 15:57:00.000000,77060.38,100000.0,-22939.619999999995
2024-03-26 15:57:00.000000,77060.38,100000.0,-22939.619999999995
2024-03-26 15:58:00.000000,77058.4264,100000.0,-22941.573600000003
2024-03-26 15:58:00.000000,77058.4264,100000.0,-22941.573600000003
2024-03-26 15:58:00.000000,77058.4264,100000.0,-22941.573600000003
2024-03-26 15:58:00.000000,77058.4264,100000.0,-22941.573600000003
2024-03-26 15:58:00.000000,77058.4264,100000.0,-22941.573600000003
2024-03-26 15:58:00.000000,77058.4264,100000.0,-22941.573600000003
2024-03-26 15:59:00.000000,77058.5364,100000.0,-22941.463600000003
2024-03-26 15:59:00.000000,84358.093,100000.0,-15641.907000000007
2024-03-26 15:59:00.000000,84358.093,100000.0,-15641.907000000007
2024-03-26 15:59:00.000000,84358.093,100000.0,-15641.907000000007
2024-03-26 15:59:00.000000,84358.093,100000.0,-15641.907000000007
2024-03-26 15:59:00.000000,84358.093,100000.0,-15641.907000000007
2024-03-26 16:00:00.000000,84357.4,100000.0,-15642.600000000006
2024-03-26 16:00:00.000000,84357.4,100000.0,-15642.600000000006
2024-03-26 16:00:00.000000,84357.4,100000.0,-15642.600000000006
2024-03-26 16:00:00.000000,84357.4,100000.0,-15642.600000000006
2024-03-26 16:00:00.000000,84357.4,100000.0,-15642.600000000006
2024-03-26 16:00:00.000000,84357.4,100000.0,-15642.600000000006
2024-03-26 16:01:00.000000,84358.6,100000.0,-15641.399999999994
2024-03-26 16:01:00.000000,84358.6,100000.0,-15641.399999999994
2024-03-26 16:01:00.000000,84358.6,100000.0,-15641.399999999994
2024-03-26 16:01:00.000000,84358.6,100000.0,-15641.399999999994
2024-03-26 16:01:00.000000,84358.6,100000.0,-15641.399999999994
2024-03-26 16:01:00.000000,84358.6,100000.0,-15641.399999999994
2024-03-26 16:02:00.000000,84360.70300000001,100000.0,-15639.296999999991
2024-03-26 16:02:00.000000,76019.7446,100000.0,-23980.255399999995
2024-03-26 16:02:00.000000,76019.7446,100000.0,-23980.255399999995
2024-03-26 16:02:00.000000,76019.7446,100000.0,-23980.255399999995
2024-03-26 16:02:00.000000,76019.7446,100000.0,-23980.255399999995
2024-03-26 16:02:00.000000,76019.7446,100000.0,-23980.255399999995
2024-03-26 16:03:00.000000,76021.12,100000.0,-23978.880000000005
2024-03-26 16:03:00.000000,76021.12,100000.0,-23978.880000000005
2024-03-26 16:03:00.000000,76021.12,100000.0,-23978.880000000005
2024-03-26 16:03:00.000000,76021.12,100000.0,-23978.880000000005
2024-03-26 16:03:00.000000,76021.12,100000.0,-23978.880000000005
2024-03-26 16:03:00.000000,76021.12,100000.0,-23978.880000000005
2024-03-26 16:04:00.000000,76023.42,100000.0,-23976.58
2024-03-26 16:04:00.000000,76023.42,100000.0,-23976.58
2024-03-26 16:04:00.000000,76023.42,100000.0,-23976.58
2024-03-26 16:04:00.000000,76023.42,100000.0,-23976.58
2024-03-26 16:04:00.000000,76023.42,100000.0,-23976.58
2024-03-26 16:04:00.000000,76023.42,100000.0,-23976.58
2024-03-26 16:05:00.000000,76024.8,100000.0,-23975.199999999997
2024-03-26 16:05:00.000000,76024.8,100000.0,-23975.199999999997
2024-03-26 16:05:00.000000,76024.8,100000.0,-23975.199999999997
2024-03-26 16:05:00.000000,76024.8,100000.0,-23975.199999999997
2024-03-26 16:05:00.000000,76024.8,100000.0,-23975.199999999997
2024-03-26 16:05:00.000000,76024.8,100000.0,-23975.199999999997
2024-03-26 16:06:00.000000,76026.18460000001,100000.0,-23973.815399999992
2024-03-26 16:06:00.000000,76026.18460000001,100000.0,-23973.815399999992
2024-03-26 16:06:00.000000,76026.18460000001,100000.0,-23973.815399999992
2024-03-26 16:06:00.000000,76026.18460000001,100000.0,-23973.815399999992
2024-03-26 16:06:00.000000,76026.18460000001,100000.0,-23973.815399999992
2024-03-26 16:06:00.000000,76026.18460000001,100000.0,-23973.815399999992
2024-03-26 16:07:00.000000,76022.5,100000.0,-23977.5
2024-03-26 16:07:00.000000,76022.5,100000.0,-23977.5
2024-03-26 16:07:00.000000,76022.5,100000.0,-23977.5
2024-03-26 16:07:00.000000,76022.5,100000.0,-23977.5
2024-03-26 16:07:00.000000,76022.5,100000.0,-23977.5
2024-03-26 16:07:00.000000,76022.5,100000.0,-23977.5
2024-03-26 16:08:00.000000,76024.409,100000.0,-23975.591
2024-03-26 16:08:00.000000,83321.32800000001,100000.0,-16678.67199999999
2024-03-26 16:08:00.000000,83321.32800000001,100000.0,-16678.67199999999
2024-03-26 16:08:00.000000,83321.32800000001,100000.0,-16678.67199999999
2024-03-26 16:08:00.000000,83321.32800000001,100000.0,-16678.67199999999
2024-03-26 16:08:00.000000,83321.32800000001,100000.0,-16678.67199999999
2024-03-26 16:09:00.000000,83321.76,100000.0,-16678.240000000005
2024-03-26 16:09:00.000000,75503.83499999999,100000.0,-24496.165000000008
2024-03-26 16:09:00.000000,75503.83499999999,100000.0,-24496.165000000008
2024-03-26 16:09:00.000000,75503.83499999999,100000.0,-24496.165000000008
2024-03-26 16:09:00.000000,75503.83499999999,100000.0,-24496.165000000008
2024-03-26 16:09:00.000000,75503.83499999999,100000.0,-24496.165000000008
2024-03-26 16:10:00.000000,75503.6,100000.0,-24496.399999999994
2024-03-26 16:10:00.000000,75503.6,100000.0,-24496.399999999994
2024-03-26 16:10:00.000000,75503.6,100000.0,-24496.399999999994
2024-03-26 16:10:00.000000,75503.6,100000.0,-24496.399999999994
2024-03-26 16:10:00.000000,75503.6,100000.0,-24496.399999999994
2024-03-26 16:10:00.000000,75503.6,100000.0,-24496.399999999994
2024-03-26 16:11:00.000000,75502.19,100000.0,-24497.809999999998
2024-03-26 16:11:00.000000,75502.19,100000.0,-24497.809999999998
2024-03-26 16:11:00.000000,75502.19,100000.0,-24497.809999999998
2024-03-26 16:11:00.000000,75502.19,100000.0,-24497.809999999998
2024-03-26 16:11:00.000000,82799.41,100000.0,-17200.589999999997
2024-03-26 16:11:00.000000,82799.41,100000.0,-17200.589999999997
2024-03-26 16:12:00.000000,82801.06,100000.0,-17198.940000000002
2024-03-26 16:12:00.000000,82801.06,100000.0,-17198.940000000002
2024-03-26 16:12:00.000000,82801.06,100000.0,-17198.940000000002
2024-03-26 16:12:00.000000,82801.06,100000.0,-17198.940000000002
2024-03-26 16:12:00.000000,74983.36,100000.0,-25016.64
2024-03-26 16:12:00.000000,74983.36,100000.0,-25016.64
2024-03-26 16:13:00.000000,74984.56,100000.0,-25015.440000000002
2024-03-26 16:13:00.000000,74984.56,100000.0,-25015.440000000002
2024-03-26 16:13:00.000000,74984.56,100000.0,-25015.440000000002
2024-03-26 16:13:00.000000,74984.56,100000.0,-25015.440000000002
2024-03-26 16:13:00.000000,74984.56,100000.0,-25015.440000000002
2024-03-26 16:13:00.000000,74984.56,100000.0,-25015.440000000002
2024-03-26 16:14:00.000000,74983.36,100000.0,-25016.64
2024-03-26 16:14:00.000000,74983.36,100000.0,-25016.64
2024-03-26 16:14:00.000000,74983.36,100000.0,-25016.64
2024-03-26 16:14:00.000000,74983.36,100000.0,-25016.64
2024-03-26 16:14:00.000000,74983.36,100000.0,-25016.64
2024-03-26 16:14:00.000000,74983.36,100000.0,-25016.64
2024-03-26 16:15:00.000000,74983.84,100000.0,-25016.160000000003
2024-03-26 16:15:00.000000,74983.84,100000.0,-25016.160000000003
2024-03-26 16:15:00.000000,74983.84,100000.0,-25016.160000000003
2024-03-26 16:15:00.000000,74983.84,100000.0,-25016.160000000003
2024-03-26 16:15:00.000000,74983.84,100000.0,-25016.160000000003
2024-03-26 16:15:00.000000,74983.84,100000.0,-25016.160000000003
2024-03-26 16:16:00.000000,74986.72,100000.0,-25013.28
2024-03-26 16:16:00.000000,74986.72,100000.0,-25013.28
2024-03-26 16:16:00.000000,74986.72,100000.0,-25013.28
2024-03-26 16:16:00.000000,74986.72,100000.0,-25013.28
2024-03-26 16:16:00.000000,74986.72,100000.0,-25013.28
2024-03-26 16:16:00.000000,74986.72,100000.0,-25013.28
2024-03-26 16:17:00.000000,74984.78080000001,100000.0,-25015.219199999992
2024-03-26 16:17:00.000000,74984.78080000001,100000.0,-25015.219199999992
2024-03-26 16:17:00.000000,74984.78080000001,100000.0,-25015.219199999992
2024-03-26 16:17:00.000000,74984.78080000001,100000.0,-25015.219199999992
2024-03-26 16:17:00.000000,74984.78080000001,100000.0,-25015.219199999992
2024-03-26 16:17:00.000000,74984.78080000001,100000.0,-25015.219199999992
2024-03-26 16:18:00.000000,74981.92,100000.0,-25018.08
2024-03-26 16:18:00.000000,82278.86,100000.0,-17721.14
2024-03-26 16:18:00.000000,82278.86,100000.0,-17721.14
2024-03-26 16:18:00.000000,82278.86,100000.0,-17721.14
2024-03-26 16:18:00.000000,82278.86,100000.0,-17721.14
2024-03-26 16:18:00.000000,82278.86,100000.0,-17721.14
2024-03-26 16:19:00.000000,82282.09,100000.0,-17717.910000000003
2024-03-26 16:19:00.000000,82282.09,100000.0,-17717.910000000003
2024-03-26 16:19:00.000000,82282.09,100000.0,-17717.910000000003
2024-03-26 16:19:00.000000,82282.09,100000.0,-17717.910000000003
2024-03-26 16:19:00.000000,82282.09,100000.0,-17717.910000000003
2024-03-26 16:19:00.000000,82282.09,100000.0,-17717.910000000003
2024-03-26 16:20:00.000000,82286.0,100000.0,-17714.0
2024-03-26 16:20:00.000000,74471.0,100000.0,-25529.0
2024-03-26 16:20:00.000000,74471.0,100000.0,-25529.0
2024-03-26 16:20:00.000000,74471.0,100000.0,-25529.0
2024-03-26 16:20:00.000000,74471.0,100000.0,-25529.0
2024-03-26 16:20:00.000000,74471.0,100000.0,-25529.0
2024-03-26 16:21:00.000000,74471.0,100000.0,-25529.0
2024-03-26 16:21:00.000000,74471.0,100000.0,-25529.0
2024-03-26 16:21:00.000000,74471.0,100000.0,-25529.0
2024-03-26 16:21:00.000000,74471.0,100000.0,-25529.0
2024-03-26 16:21:00.000000,74471.0,100000.0,-25529.0
2024-03-26 16:21:00.000000,74471.0,100000.0,-25529.0
2024-03-26 16:22:00.000000,74472.4749,100000.0,-25527.5251
2024-03-26 16:22:00.000000,74472.4749,100000.0,-25527.5251
2024-03-26 16:22:00.000000,74472.4749,100000.0,-25527.5251
2024-03-26 16:22:00.000000,74472.4749,100000.0,-25527.5251
2024-03-26 16:22:00.000000,74472.4749,100000.0,-25527.5251
2024-03-26 16:22:00.000000,74472.4749,100000.0,-25527.5251
2024-03-26 16:23:00.000000,74470.51000000001,100000.0,-25529.48999999999
2024-03-26 16:23:00.000000,74470.51000000001,100000.0,-25529.48999999999
2024-03-26 16:23:00.000000,74470.51000000001,100000.0,-25529.48999999999
2024-03-26 16:23:00.000000,74470.51000000001,100000.0,-25529.48999999999
2024-03-26 16:23:00.000000,74470.51000000001,100000.0,-25529.48999999999
2024-03-26 16:23:00.000000,74470.51000000001,100000.0,-25529.48999999999
2024-03-26 16:24:00.000000,74470.02,100000.0,-25529.979999999996
2024-03-26 16:24:00.000000,81764.3,100000.0,-18235.699999999997
2024-03-26 16:24:00.000000,81764.3,100000.0,-18235.699999999997
2024-03-26 16:24:00.000000,81764.3,100000.0,-18235.699999999997
2024-03-26 16:24:00.000000,81764.3,100000.0,-18235.699999999997
2024-03-26 16:24:00.000000,81764.3,100000.0,-18235.699999999997
2024-03-26 16:25:00.000000,81766.4,100000.0,-18233.600000000006
2024-03-26 16:25:00.000000,81766.4,100000.0,-18233.600000000006
2024-03-26 16:25:00.000000,81766.4,100000.0,-18233.600000000006
2024-03-26 16:25:00.000000,81766.4,100000.0,-18233.600000000006
2024-03-26 16:25:00.000000,73952.0,100000.0,-26048.0
2024-03-26 16:25:00.000000,73952.0,100000.0,-26048.0
2024-03-26 16:26:00.000000,73951.0,100000.0,-26049.0
2024-03-26 16:26:00.000000,73951.0,100000.0,-26049.0
2024-03-26 16:26:00.000000,73951.0,100000.0,-26049.0
2024-03-26 16:26:00.000000,73951.0,100000.0,-26049.0
2024-03-26 16:26:00.000000,73951.0,100000.0,-26049.0
2024-03-26 16:26:00.000000,73951.0,100000.0,-26049.0
2024-03-26 16:27:00.000000,73950.5,100000.0,-26049.5
2024-03-26 16:27:00.000000,73950.5,100000.0,-26049.5
2024-03-26 16:27:00.000000,73950.5,100000.0,-26049.5
2024-03-26 16:27:00.000000,73950.5,100000.0,-26049.5
2024-03-26 16:27:00.000000,73950.5,100000.0,-26049.5
2024-03-26 16:27:00.000000,73950.5,100000.0,-26049.5
2024-03-26 16:28:00.000000,73944.505,100000.0,-26055.494999999995
2024-03-26 16:28:00.000000,81240.0436,100000.0,-18759.956399999995
2024-03-26 16:28:00.000000,81240.0436,100000.0,-18759.956399999995
2024-03-26 16:28:00.000000,81240.0436,100000.0,-18759.956399999995
2024-03-26 16:28:00.000000,81240.0436,100000.0,-18759.956399999995
2024-03-26 16:28:00.000000,81240.0436,100000.0,-18759.956399999995
2024-03-26 16:29:00.000000,81238.95999999999,100000.0,-18761.040000000008
2024-03-26 16:29:00.000000,81238.95999999999,100000.0,-18761.040000000008
2024-03-26 16:29:00.000000,81238.95999999999,100000.0,-18761.040000000008
2024-03-26 16:29:00.000000,81238.95999999999,100000.0,-18761.040000000008
2024-03-26 16:29:00.000000,81238.95999999999,100000.0,-18761.040000000008
2024-03-26 16:29:00.000000,81238.95999999999,100000.0,-18761.040000000008
2024-03-26 16:30:00.000000,81240.76,100000.0,-18759.240000000005
2024-03-26 16:30:00.000000,81240.76,100000.0,-18759.240000000005
2024-03-26 16:30:00.000000,81240.76,100000.0,-18759.240000000005
2024-03-26 16:30:00.000000,81240.76,100000.0,-18759.240000000005
2024-03-26 16:30:00.000000,81240.76,100000.0,-18759.240000000005
2024-03-26 16:30:00.000000,81240.76,100000.0,-18759.240000000005
2024-03-26 16:31:00.000000,81241.1956,100000.0,-18758.804399999994
2024-03-26 16:31:00.000000,81241.1956,100000.0,-18758.804399999994
2024-03-26 16:31:00.000000,81241.1956,100000.0,-18758.804399999994
2024-03-26 16:31:00.000000,81241.1956,100000.0,-18758.804399999994
2024-03-26 16:31:00.000000,81241.1956,100000.0,-18758.804399999994
2024-03-26 16:31:00.000000,81241.1956,100000.0,-18758.804399999994
2024-03-26 16:32:00.000000,81243.64,100000.0,-18756.36
2024-03-26 16:32:00.000000,73428.49,100000.0,-26571.509999999995
2024-03-26 16:32:00.000000,73428.49,100000.0,-26571.509999999995
2024-03-26 16:32:00.000000,73428.49,100000.0,-26571.509999999995
2024-03-26 16:32:00.000000,73428.49,100000.0,-26571.509999999995
2024-03-26 16:32:00.000000,73428.49,100000.0,-26571.509999999995
2024-03-26 16:33:00.000000,73427.98509999999,100000.0,-26572.01490000001
2024-03-26 16:33:00.000000,73427.98509999999,100000.0,-26572.01490000001
2024-03-26 16:33:00.000000,73427.98509999999,100000.0,-26572.01490000001
2024-03-26 16:33:00.000000,73427.98509999999,100000.0,-26572.01490000001
2024-03-26 16:33:00.000000,73427.98509999999,100000.0,-26572.01490000001
2024-03-26 16:33:00.000000,73427.98509999999,100000.0,-26572.01490000001
2024-03-26 16:34:00.000000,73430.53,100000.0,-26569.47
2024-03-26 16:34:00.000000,73430.53,100000.0,-26569.47
2024-03-26 16:34:00.000000,73430.53,100000.0,-26569.47
2024-03-26 16:34:00.000000,73430.53,100000.0,-26569.47
2024-03-26 16:34:00.000000,73430.53,100000.0,-26569.47
2024-03-26 16:34:00.000000,73430.53,100000.0,-26569.47
2024-03-26 16:35:00.000000,73425.94,100000.0,-26574.059999999998
2024-03-26 16:35:00.000000,73425.94,100000.0,-26574.059999999998
2024-03-26 16:35:00.000000,73425.94,100000.0,-26574.059999999998
2024-03-26 16:35:00.000000,73425.94,100000.0,-26574.059999999998
2024-03-26 16:35:00.000000,73425.94,100000.0,-26574.059999999998
2024-03-26 16:35:00.000000,73425.94,100000.0,-26574.059999999998
2024-03-26 16:36:00.000000,73429.51,100000.0,-26570.490000000005
2024-03-26 16:36:00.000000,80723.37,100000.0,-19276.630000000005
2024-03-26 16:36:00.000000,80723.37,100000.0,-19276.630000000005
2024-03-26 16:36:00.000000,80723.37,100000.0,-19276.630000000005
2024-03-26 16:36:00.000000,80723.37,100000.0,-19276.630000000005
2024-03-26 16:36:00.000000,80723.37,100000.0,-19276.630000000005
2024-03-26 16:37:00.000000,80723.73999999999,100000.0,-19276.26000000001
2024-03-26 16:37:00.000000,72909.04000000001,100000.0,-27090.959999999992
2024-03-26 16:37:00.000000,72909.04000000001,100000.0,-27090.959999999992
2024-03-26 16:37:00.000000,72909.04000000001,100000.0,-27090.959999999992
2024-03-26 16:37:00.000000,72909.04000000001,100000.0,-27090.959999999992
2024-03-26 16:37:00.000000,72909.04000000001,100000.0,-27090.959999999992
2024-03-26 16:38:00.000000,72911.12,100000.0,-27088.880000000005
2024-03-26 16:38:00.000000,72911.12,100000.0,-27088.880000000005
2024-03-26 16:38:00.000000,72911.12,100000.0,-27088.880000000005
2024-03-26 16:38:00.000000,72911.12,100000.0,-27088.880000000005
2024-03-26 16:38:00.000000,72911.12,100000.0,-27088.880000000005
2024-03-26 16:38:00.000000,72911.12,100000.0,-27088.880000000005
2024-03-26 16:39:00.000000,72908.5252,100000.0,-27091.474799999996
2024-03-26 16:39:00.000000,72908.5252,100000.0,-27091.474799999996
2024-03-26 16:39:00.000000,72908.5252,100000.0,-27091.474799999996
2024-03-26 16:39:00.000000,72908.5252,100000.0,-27091.474799999996
2024-03-26 16:39:00.000000,72908.5252,100000.0,-27091.474799999996
2024-03-26 16:39:00.000000,72908.5252,100000.0,-27091.474799999996
2024-03-26 16:40:00.000000,72911.38,100000.0,-27088.619999999995
2024-03-26 16:40:00.000000,72911.38,100000.0,-27088.619999999995
2024-03-26 16:40:00.000000,72911.38,100000.0,-27088.619999999995
2024-03-26 16:40:00.000000,72911.38,100000.0,-27088.619999999995
2024-03-26 16:40:00.000000,72911.38,100000.0,-27088.619999999995
2024-03-26 16:40:00.000000,72911.38,100000.0,-27088.619999999995
2024-03-26 16:41:00.000000,72911.7076,100000.0,-27088.292400000006
2024-03-26 16:41:00.000000,72911.7076,100000.0,-27088.292400000006
2024-03-26 16:41:00.000000,72911.7076,100000.0,-27088.292400000006
2024-03-26 16:41:00.000000,72911.7076,100000.0,-27088.292400000006
2024-03-26 16:41:00.000000,72911.7076,100000.0,-27088.292400000006
2024-03-26 16:41:00.000000,72911.7076,100000.0,-27088.292400000006
2024-03-26 16:42:00.000000,72909.56,100000.0,-27090.440000000002
2024-03-26 16:42:00.000000,72909.56,100000.0,-27090.440000000002
2024-03-26 16:42:00.000000,72909.56,100000.0,-27090.440000000002
2024-03-26 16:42:00.000000,72909.56,100000.0,-27090.440000000002
2024-03-26 16:42:00.000000,79682.17,100000.0,-20317.83
2024-03-26 16:42:00.000000,79682.17,100000.0,-20317.83
2024-03-26 16:43:00.000000,79682.95,100000.0,-20317.050000000003
2024-03-26 16:43:00.000000,79682.95,100000.0,-20317.050000000003
2024-03-26 16:43:00.000000,79682.95,100000.0,-20317.050000000003
2024-03-26 16:43:00.000000,79682.95,100000.0,-20317.050000000003
2024-03-26 16:43:00.000000,79682.95,100000.0,-20317.050000000003
2024-03-26 16:43:00.000000,79682.95,100000.0,-20317.050000000003
2024-03-26 16:44:00.000000,79684.12,100000.0,-20315.880000000005
2024-03-26 16:44:00.000000,71870.32,100000.0,-28129.679999999993
2024-03-26 16:44:00.000000,71870.32,100000.0,-28129.679999999993
2024-03-26 16:44:00.000000,71870.32,100000.0,-28129.679999999993
2024-03-26 16:44:00.000000,71870.32,100000.0,-28129.679999999993
2024-03-26 16:44:00.000000,71870.32,100000.0,-28129.679999999993
2024-03-26 16:45:00.000000,71872.20999999999,100000.0,-28127.790000000008
2024-03-26 16:45:00.000000,71872.20999999999,100000.0,-28127.790000000008
2024-03-26 16:45:00.000000,71872.20999999999,100000.0,-28127.790000000008
2024-03-26 16:45:00.000000,71872.20999999999,100000.0,-28127.790000000008
2024-03-26 16:45:00.000000,71872.20999999999,100000.0,-28127.790000000008
2024-03-26 16:45:00.000000,71872.20999999999,100000.0,-28127.790000000008
2024-03-26 16:46:00.000000,71870.8654,100000.0,-28129.134600000005
2024-03-26 16:46:00.000000,71870.8654,100000.0,-28129.134600000005
2024-03-26 16:46:00.000000,71870.8654,100000.0,-28129.134600000005
2024-03-26 16:46:00.000000,71870.8654,100000.0,-28129.134600000005
2024-03-26 16:46:00.000000,71870.8654,100000.0,-28129.134600000005
2024-03-26 16:46:00.000000,71870.8654,100000.0,-28129.134600000005
2024-03-26 16:47:00.000000,71868.16,100000.0,-28131.839999999997
2024-03-26 16:47:00.000000,78640.64,100000.0,-21359.36
2024-03-26 16:47:00.000000,78640.64,100000.0,-21359.36
2024-03-26 16:47:00.000000,78640.64,100000.0,-21359.36
2024-03-26 16:47:00.000000,78640.64,100000.0,-21359.36
2024-03-26 16:47:00.000000,78640.64,100000.0,-21359.36
2024-03-26 16:48:00.000000,78637.36,100000.0,-21362.64
2024-03-26 16:48:00.000000,78637.36,100000.0,-21362.64
2024-03-26 16:48:00.000000,78637.36,100000.0,-21362.64
2024-03-26 16:48:00.000000,78637.36,100000.0,-21362.64
2024-03-26 16:48:00.000000,78637.36,100000.0,-21362.64
2024-03-26 16:48:00.000000,78637.36,100000.0,-21362.64
